seriesuid,coordX,coordY,coordZ,diameter_mm
1.3.6.1.4.1.14519.5.2.1.6279.6001.108197895896446896160048741492,-100.5679445,67.26051683,-231.816619,6.440878725